Edge Type,From Location,To Location,Date
Letter,,,1690
Letter,London,,"1690, May 24"
Letter,Althrop,,"1692, Oct 24"
Letter,,,"1,691"
Letter,Edinburgh,,"1690, May 8"
Letter,Edinburgh,,"1688, Oct 27"
Letter,Edinburgh,,"1688, Aug 7"
Letter,Bonhard,,"1689, Oct 7"
Letter,Edinburgh,,"1689, Aug 12"
Letter,Dublin Castle,,"1689, Apr 3"
Letter,Salisbury,,"1688, Nov 4"
Letter,Salisbury,Warminster,"1688, Nov 14"
Letter,Salisbury,Ambersbury,"1688, Nov 14"
Letter,Salisbury,,"1688, Nov 18"
Letter,Salisbury,,"1688, Nov 24"
Letter,Andover,,"1688, Nov 25"
Letter,Beaconsfield,,"1688, Dec 10"
Letter,London,,"1688, Dec 12"
Letter,Whitehall,London,"1688, Dec 10"
Letter,,Sandon,"1689, Nov 16"
Letter,,Sandon,"1689, Jan 29"
Letter,,Sandon,"1689, Feb 5"
Letter,Edinburgh,,"1689, Feb 7"
Letter,Nevis,,"1689, Feb 20"
Account,,,"1690, Feb 20"
Letter,Edinburgh,"Aghabane, Ireland","1689, Mar 8"
Letter,London,Edinburgh,"1689, May 2"
Letter,Edinburgh,,"1689, Jun 25"
Letter,London,,"1689, Aug 13"
Letter,Kinneil,,"1689, Aug 24"
Letter,,Hamilton's Lodgings,"1689, Sep 14"
Letter,,,"1690, Jan 20"
Letter,Edinburgh,,"1688, Mar 17"
Letter,Edinburgh,,"1688, Oct 6"
Letter,Edinburgh,,"1688, Mar 8"
Letter,Edinburgh,,"1688, Oct 4"
Letter,Edinburgh,,"1690, Mar 15"
Letter,Edinburgh,,"1690, Feb 20"
Letter,Edinburgh,,"1690, Mar 10"
Letter,Beill,,"1688, May 8"
Letter,Edinburgh,,"1688, Feb 25"
Letter,Edinburgh,,"1688, Mar 6"
Letter,Edinburgh,,"1688, Mar 22"
Letter,Edinburgh,,"1688, Feb 19"
Letter,Edinburgh,,"1688, Jan 28"
Letter,Ingestre,,"1688, Jun 16"
Letter,,,1688
Letter,Edinburgh,,"1688, Feb 7"
Letter,Edinburgh,,"1688, Jan 5"
Letter,,,"1688, Jun 24"
Letter,,,"1688, Jun 11"
Letter,,,"1688, Feb 2"
Letter,Whitehall,Holyrood House,"1688, Feb 14"
Letter,Holyrood House,Whitehall,"1688, Feb 21"
Letter,Kelso,Holland House,"1688, Mar 3"
Letter,Edinburgh,,"1688, Mar 20"
Letter,Sandon,,"1688, June"
Letter,Ingestre,,"1688, Jun 16"
Letter,Sandon,,"1688, Jul 9"
Letter,,,"1688, Aug 11"
Letter,Edinburgh,,"1688, Jul 20"
Letter,Edinburgh,,"1688, May 15"
Letter,Edinburgh,London,1688
Letter,Edinburgh,London,"1688, Dec 23"
Letter,Edinburgh,London,"1688, Dec 2"
Letter,Edinburgh,London,"1688, May 15"
Intercepted Letter,Dublin,"St. Foord, Nairne","1689, Mar 29"
Intercepted Letter,Dublin,,"1689, Mar 29"
Intercepted Letter,Dublin,,1689
Intercepted Letter,Killkenny,Leith,"1689, Mar 25"
Intercepted Letter,Dublin,Edinburgh,"1689, Mar 28"
Intercepted Letter,Dublin,,"1689, Mar 28"
Intercepted Letter,Dublin,,"1689, Mar 28"
Letter,Campbeltown,,"1689, Jul 11"
Letter,Campbeltown,,"1689, Jul 11"
Letter,Inverary,,"1689, Jul 13"
Letter,"Adventor, Margtilipanig Bay",Glensadal,"1689, Jul 10"
Letter,Kilberry,,"1689, Jul 11"
Letter,Glasgow,,"1689, Aug 5"
Letter,London,,"1689, Jul 2"
Letter,London,,"1689, Apr 13"
Letter,,,"1689, Jun 3"
Petition,,,"1689, Jun 3"
Letter,"Cleveland, Highlake Road ",,"1689, Aug 12"
Memorandum,Londonderry Loch,,"1689, Jun 19"
Letter,"Cleveland, Bangor Bay",,"1689, Aug 13"
Letter,Londonderry,,"1689, Jul 19"
Letter,,,"1689, Jul 26"
Letter,Portpatrick,,"1689, Jul 28"
Letter,"Swallow, Derry Loch",,"1689, Jun 19"
Letter,Isle of Inch,,"1689, Aug 4"
Letter,"Swallow, Derry Loch",,"1689, Jul 29"
Proclamation,,,"1689, Jul 24"
Letter,"Deptford, Greenock",,"1689, May 11"
Letter,"Deptford, Cape of Kintyre",,"1689, Jul 20"
Letter,"Deptford, Cape of Kintyre",,"1689, Aug 2"
Instructions,"Deptford, Carrickfergus",,"1689, May 4"
Letter,"Deptford, off Islay",,"1689, Jul 30"
Letter,"Deptford, Cape of Kintyre",,"1689, Aug 9"
Letter,"Deptford, Donagadee",,"1689, Aug 13"
Letter,"Deptford, Carrickfergus",,"1689, Aug 26"
Letter,"Deptford, Mouth of Derry Loch ",,"1689, Jun 20"
Letter,,,1689
Letter,Hampton Court,,"1689, May 30"
Letter,London,,"1689, May 16"
Letter,London,,"1689, May 30"
Letter,London,,"1691, Jan 13"
Letter,,,"1691, Jul"
Letter,Hague,,"1691, Oct 16"
Letter,London,,"1692, Mar 3"
Letter,"Camp, Opprobaix",,1692
Letter,London,,"1691, Dec 30"
Letter,St. Gerard,,"1691, Aug 27"
Letter,Hague,,"1691, Feb 13"
Letter,Hague,,1691
Letter,Rotterdam,,"1691, Mar 17"
Letter,Hague,,1691
Letter,"Camp, Portncaple",,"1689, Aug 2"
Letter,Glasgow,,"1689, Aug 5"
Letter,Glasgow,,"1689, Aug 5"
Opinion,Inverary,,"1689, Jul 22"
Letter,,,"1689, Jul 18"
Letter,Inverary,,"1689, Jul 22"
Letter,Inverary,,"1689, Jul 25"
Letter,Inverary,,"1689, Jul 20"
Letter,London,,"1689, May 12"
Letter,Dumbarton,,"1689, Jul 14"
Letter,Puitachie,,"1689, Jun 18"
Letter,Puitachie,,"1689, Aug 5"
Letter,Edinburgh,,"1689, Sep 3"
Letter,Edinburgh,,"1689, Sep 5"
Letter,Edinburgh,,"1689, Aug 27"
Letter,Holyrood House,,"1689, May 20"
Letter,Holyrood House,,"1689, May 21"
Letter,Holyrood House,,"1689, May 25"
Letter,Edinburgh,,"1689, May 30"
Letter,Holyrood House,,"1689, Jun 1"
Letter,Holyrood House,,"1689, Jun 4"
Letter,Holyrood House,,"1689, Jun 6"
Letter,Holyrood House,,"1689, Jun 8"
Letter,Holyrood House,,"1689, Jun 14"
Letter,Holyrood House,,"1689, Jun 18"
Letter,Holyrood House,,"1689, Jun 23"
Letter,Holyrood House,,"1689, Jun 25"
Letter,Holyrood House,,"1689, Jun 27"
Letter,Holyrood House,,"1689, Jul 2"
Letter,Holyrood House,,"1689, Jul 4"
Letter,Holyrood House,,"1689, Jul 6"
Letter,Holyrood House,,"1689, Jul 9"
Letter,Holyrood House,,"1689, Jul 13"
Letter,Holyrood House,,"1689, Jul 18"
Letter,Holyrood House,,"1689, Jul 23"
Letter,Holyrood House,,"1689, Jul 25"
Letter,Holyrood House,,"1689, Jul 29"
Letter,Holyrood House,,"1689, Jul 30"
Letter,Holyrood House,,"1689, Aug 1"
Letter,Holyrood House,,"1689, Aug 3"
Letter,Holyrood House,,"1689, Aug 6"
Letter,Holyrood House,,"1689, Aug 8"
Letter,Holyrood House,,"1689, Aug 13"
Letter,Holyrood House,,"1689, Aug 15"
Letter,Holyrood House,,"1689, Aug 16"
Letter,Holyrood House,,"1689, Dec 29"
Letter,Strathspey,,"1689, Jun 13"
Letter,Inverness,,"1689, Jun 19"
Letter,Fettercairn,,"1689, Jul 14"
Letter,Stirling,,"1689, Jul 24"
Letter,St. Johnston,,"1689, Jul 26"
Letter,Stirling,,"1689, Jul 30"
Letter,St. Johnston,,"1689, Aug 4"
Letter,Forfar,,"1689, Aug 8"
Letter,Aberdeen,,"1689, Aug 11"
Letter,,,1689
Letter,Edinburgh,London,"1689, Sep 24"
Paper,Forfar,,"1689, Aug 8"
Letter,London,,"1689, May 15"
Letter,Hampton Court,Edinburgh,"1689, May 17"
Letter,London,,"1689, May 18"
Letter,London,,"1689, May 31"
Letter,London,,"1689, Jun 4"
Letter,London,,"1689, Jun 13"
Letter,Hampton Court,,"1689, Jun 13"
Letter,,,"1689, Jun 15"
Warrant,Whitehall,,"1689, Jun 15"
Letter,London,,"1689, Jun 18"
Letter,Hampton Court,,"1689, Jun 27"
Letter,London,,"1689, Jun 29"
Letter,,,"1689, Jul 2"
Letter,,,"1689, Jul 4"
Letter,Hampton Court,,"1689, Jul 4"
Letter,,,"1689, Jul 9"
Letter,Dover,Edinburgh,"1689, Jul 5"
Letter,Hampton Court,Edinburgh,"1689, Jul 10"
Letter,,,"1689, Jul 11"
Letter,,,"1689, Jul 13"
Letter,,,"1689, Jul 17"
Letter,,,"1689, Jul 19"
Letter,London,,"1689, Jul 25"
Letter,,,"1689, Jul 27"
Letter,,,"1689, Aug 1"
Letter,Hampton Court,Edinburgh,"1689, Aug 1"
Letter,London,,"1689, Aug 3"
Letter,,,"1689, Aug 5"
Letter,London,,"1689, Aug 8"
Letter,London,,"1689, Aug 10"
Letter,London,,"1689, Aug 13"
Letter,London,,"1689, Dec 18"
Letter,London,,"1690, Jan 4"
Letter,London,,"1690, Jan 9"
Letter,London,,"1690, Jan 16"
Letter,London,,"1690, Jan 21"
Letter,London,,"1690, Feb 13"
Letter,Kensington,Edinburgh,"1690, Feb 13"
Letter,London,,"1690, Jul 11"
Letter,,,"1691, Jul 29"
Letter,,,"1691, Aug 22"
Letter,St. Gerard,Edinburgh,"1691, Aug 27"
Letter,,,"1691, Aug 8"
Letter,,,"1691, Aug"
Letter,Whitehall,,"1691, Sep 22"
Letter,Hague,,1691
Letter,Whitehall,,"1691, Oct 22"
Letter,,,"1691, Nov 17"
Letter,,,"1691, Dec 19"
Letter,London,,"1692, Jan 5"
Letter,,,"1690, May 17"
Letter,Kensington,Edinburgh,"1690, Apr 18"
Letter,,,"1690, Nov 7"
Letter,Paisley,Edinburgh,"1690, Apr 4"
Letter,Arran,,"1690, Jul 10"
Warrant,Edinburgh,Edinburgh,"1690, Dec 4"
Letter,Berwick,,"1690, Nov 16"
Letter,London,,"1690, Aug 19"
Letter,Berwick,,"1690, Aug 24"
Letter,,,"1690, May 13"
Letter,Nevis,,"1690, May 6"
Letter,"Hen & Chickings, Covent Garden",,"1690, May 15"
Letter,,,"1690, Apr 3"
Letter,,,"1690, May 30"
Letter,,,"1690, May 20"
Letter,London,,"1690, Apr 10"
Letter,Harwich,,"1691, Jan 31"
Letter,Edinburgh,,"1691, Apr 22"
Letter,,,"1691, Feb 17"
Letter,Althrop,,"1692, Jan 13"
Letter,London,,"1691, May 19"
Letter,London,,"1691, Nov 21"
Letter,London,,"1691, Oct 27"
Letter,Glasgow,,"1691, May 6"
Letter,Athlone,,"1692, Jan 4"
Letter,Berwick,,"1691, Aug 1"
Letter,Althrop,,"1691, Dec 7"
Letter,Althrop,,"1691, May 16"
Letter,Althrop,,"1691, Mar 26"
Letter,Kinneil,,"1692, Nov 5"
Letter,Charing Cross,,"1692, Apr 20"
Letter,Elsick,,"1692, Jan 12"
Letter,Edinburgh,,"1692, Apr 27"
Letter,Edinburgh,,"1692, May 3"
Letter,London,,"1692, Jan 12"
Letter,Hamilton,,"1692, Feb 1"
Letter,Hamilton,,"1692, Jan 26"
Letter,Fettersee,,"1691, Jun 21"
Letter,Fettersee,,"1691, Aug 30"
Letter,Edinburgh,,"1692, Apr 29"
Letter,Inverary,,"1692, May 26"
Letter,Hamilton,,"1692,Nov 6"
Letter,Hamilton,,"1692, Jul 28"
Letter,Hamilton,,"1692, Mar 22"
Letter,Leeward Islands,,"1691, Jul 3"
Letter,Barbados,,"1691, Jul 4"
Letter,Hamilton,,"1691, June 19"
Letter,Edinburgh,,"1691, Dec 19"
Letter,,,"1691, Dec 22"
Letter,,,"1691, Aug 4"
Letter,,,"1691, Jul 7"
Letter,Graz,,1691
Letter,London,,"1691, May 21"
Letter,London,,"1691, June 13"
Letter,Holyrood House,,"1691, Sep 18"
Letter,Holyrood House,,"1691, May 23"
Letter,Hamilton,,"1691, Jan 27"
Letter,Holyrood House,,"1691, Oct 29"
Letter,,,"1691, Aug 27"
Letter,Edinburgh,,"1691, Sep 9"
Letter,Berwick,,1691
Letter,,,"1691, Jun 30"
Letter,Fettercairn,,"1691, Aug 17"
Letter,Hamilton,,"1691, Jul 29"
Letter,,,"1691, Jul 27"
Letter,Hamilton,,"1691, Aug 3"
Letter,Hamilton,,"1691, Jun 6"
Letter,Edinburgh,,"1691, Mar 4"
Letter,Newgate Common,,"1691, May 15"
Letter,Hamilton,,"1691, Aug 27"
Letter,Hamilton,,"1691, Aug 13"
Letter,Dumfries,,"1691, Aug 24"
Letter,,,"1691, Jun 21"
Letter,Panmure,,"1691, Dec 22"
Letter,,,"1691, Mar 28"
Letter,Hamilton,,"1691, Dec 15"
Letter,Crawfordjohn,,"1691, Dec 12"
Letter,Hamilton,,"1691, Aug 3"
Letter,Hamilton,,"1692, Jan 29"
Letter,Newton,,"1691, Jul 21"
Letter,Hamilton,,"1692, Dec 6"
Letter,London,,"1692, Feb 6"
Letter,London,,"1691, Dec 17"
Letter,,,1691
Letter,Edinburgh,,"1692, Sep 29"
Letter,Hamilton,,"1692, Jul 29"
Letter,Hamilton,,"1692, Mar 21"
Letter,Barnton,,"1692, May 24"
Letter,Edinburgh,,"1692, Nov 2"
Letter,London,,"1692, Dec 8"
Letter,Brussells,,"1692, May 16"
Letter,Balderston,,"1692, Mar 29"
Letter,London,,"1692, Feb 23"
Letter,London,,"1692, Sep 24"
Letter,London,,"1692, Aug 30"
Letter,Hamilton Park,,"1692, Mar 2"
Letter,Hamilton,,"1692, Feb 24"
Letter,Edinburgh,,"1692, May 28"
Letter,Hamilton,,"1692, Nov 7"
Letter,Edinburgh,,"1692, Jan 9"
Letter,,,1690
Letter,Hamilton,,"1692, Feb 9"
Letter,Holyrood House,,"1692, Oct 25"
Letter,Hamilton,,"1692, Nov 29"
Letter,Edinburgh,,"1691, Oct 14"
Letter,Edinburgh,,"1691, Oct 21"
Letter,Edinburgh,,"1691, Oct 22"
Letter,Edinburgh,,"1691, Oct 24"
Letter,Edinburgh,,"1691, Oct 28"
Letter,Edinburgh,,"1691, Nov 4"
Letter,,,"1690, Aug 6"
Letter,,,"1692, Jan 6"
Letter,London,,"1691, Dec 1"
Letter,,,"1692, Aug 30"
Letter,,,"1692, Jul 14"
Letter,,,"1692, Dec 24"
Letter,,,1690
Letter,,,"1691, Aug 1"
Letter,London,,"1691, Jun 20"
Letter,Hamilton,,"1691, Nov 2"
Letter,Hamilton,London,"1690, Jan 6"
Letter,London,,"1692, Dec 1"
Letter,Holyrood House,,"1692, Dec 10"
Letter,,,
Letter,,,"1692, Nov 24"
Letter,Althrope,,"1690, Jun 29"
Letter,,,"1691, Apr 23"
Letter,,,"1691, Mar 3"
Letter,,,"1691, Feb 16"
Letter,,,"1691, Aug 29"
Letter,,,"1691, Dec 10"
Letter,,,"1691, Oct 20"
Letter,,,"1692, Apr 7"
Letter,Kinneil,,"1690, Jul 1"
Letter,London,,"1691, Apr 28"
Letter,Whitehall,,1690s
Letter,,,1690
Letter,Hamilton,,"1691, May 26"
Letter,Althrope,,1690
Letter,,,1690
Letter,,,1691
Letter,Holyrood House,,"1688, Mar 29"
Letter,,,"1689, Oct 7"
Letter,,,1689
Letter,,,"1689, May 26"
Letter,,,"1689, Mar 13"
Letter,Abby,,"1688, Mar 22"
Letter,Hamilton,,"1688, Jan 27"
Letter,Hamilton,,"1688, Jan 20"
Letter,Edinburgh,,"1688, Jan 27"
Letter,Kinneil,,"1688, Apr 21"
Letter,Hamilton,,"1688, Apr 27"
Letter,,,1689
Letter,,Windsor,1688
Letter,London,,"1692, Feb 2"
Letter,Hamilton,,"1689, Feb 28"
Letter,Holyrood House,,"1689, Aug 3"
Letter,London,,"1689, Aug 31"
Letter,London,,"1689, Sep 3"
Letter,London,,"1689, Sep 5"
Letter,London,,"1689, Sep 10"
Letter,London,,"1689, Sep 14"
Letter,London,,"1689, Sep 17"
Letter,London,,"1689, Sep 21"
Letter,London,,"1689, Sep 23"
Letter,London,,"1689, Sep 30-Oct 1"
Letter,London,,"1689, Oct 3"
Letter,London,,"1689, Oct 5"
Letter,London,,"1689, Oct 8"
Letter,London,,"1689, Oct 10"
Letter,London,,"1689, Oct 15"
Letter,,,1689
Letter,London,,"1689, Oct 17"
Letter,London,,"1689, Oct 19"
Letter,London,,"1689, Oct 22"
Letter,London,,"1689, Oct 24"
Letter,London,,"1689, Oct 26"
Letter,London,,"1689, Oct 29"
Letter,London,,"1689, Oct 31"
Letter,London,,"1689, Nov 2"
Letter,Kinneil,,"1691, May 14"
Letter,London,,"1689, Nov 5"
Letter,London,,"1689, Nov 9"
Letter,London,,"1689, Nov 12"
Letter,London,,"1689, Nov 14"
Letter,London,,"1689, Nov 16"
Letter,London,,"1689, Nov 19"
Letter,London,,"1689, Nov 21"
Letter,London,,"1689, Nov 25-26"
Letter,Turin,,1687/1688
Business,Edinburgh,,"1688, May 14"
Letter,St. James,,1689
Letter,Linplum,,"1692, Mar 16"
Letter,London,,1688
Letter,Hampton Court,,"1688, Nov 5"
Letter,,,1688
Letter,,,1688
Letter,,,"1688, Feb 5"
Letter,,,n.d.
Letter,,,1690
Letter,,,"1690, Jun"
Letter,,,1688
Letter,,,1688
Letter,,,1688
Letter,,,1688
Letter,,,"1689, Aug 25"
Letter,,,1688
Letter,,,"1691, Feb 4"
Letter,,,"1689, Jul 10"
Letter,,,1688
Letter,Holyrood House,,"1688, Feb 16"
Letter,Holyrood House,,"1688, Feb 25"
Letter,Holyrood House,,"1688, Mar 1"
Letter,Holyrood House,,"1688, Mar 13"
Letter,Holyrood House,,"1688, Mar 17"
Letter,Holyrood House,,"1688, Mar 17"
Letter,Holyrood House,,"1688, Mar 22"
Letter,Hamilton,,"1688, May 8"
Letter,Holyrood House,,"1689, May 8"
Letter,Hamilton,,"1688, May 14"
Letter,Hamilton,,"1688, May 21"
Letter,Hamilton,,"1688, May 26"
Letter,Holyrood House,,"1688, Jun 5"
Letter,Turnbridge Wells,,"1688, Aug 16"
Letter,Althrope,,"1690, Jun 29"
Letter,Hamilton,,"1691, Nov 12"
Letter,,,1692
Letter,,,1691
Letter,Althrope,,"1690, Jun 29"
Letter,,,"1690, Mar 20"
Letter,Althrope,,1690
Letter,,,"1690, May 26"
Letter,Whitehall,,"1690, Jan 21"
Letter,,,"1689, Nov 4"
Letter,,,"1690, Feb 14"
Letter,London,,"1692, Feb 11"
Letter,Richmond,,"1692, Mar 15"
Letter,London,,"1692, Feb 25"
Letter,London,,"1691, Dec 31"
Letter,London,,"1691, Nov 24"
Letter,London,,"1692, Jan 2"
Letter,London,,"1692, Jan 14"
Letter,London,,"1692, Jan 16"
Letter,London,,"1692, Jan 19"
Letter,London,,"1692, Feb 11"
Letter,London,,"1691, Oct 30"
Letter,London,,"1691, Oct 13"
Letter,Tullibardine,,1690
Letter,,,1691
Letter,,,1691
Letter,,,1691
Letter,London,,"1692, Feb 27"
Letter,Whitehall,,"1688, Feb 14"
Order,Hamilton,,"1691, Sep 29"
Letter,,,1691
Letter,London,,"1688, Jan 5"
Letter,London,,"1688, Jan 7"
Letter,London,,"1688, Jan 12"
Letter,London,,"1688, Jan 17"
Letter,London,,"1688, Jan 21"
Letter,London,,"1688, Jan 31"
Letter,Doncaster,,"1688, Feb 5"
Letter,Holyrood House,,"1689, Jun 11"
Letter,London,,"1689, Nov 7"
Letter,London,,"1692, Mar 1"
Letter,,,"1688, Jan"
Letter,Greenwich,,"1689, Feb"
Letter,,,1688
Letter,,,1690
Letter,Edinburgh,,"1689, Sep 3"
Letter,Whitehall,,"1688, Jan 10"
Letter,,,"1690, May 17"
Letter,London,London,1689
Letter,London,,"1689, Nov 23"
Letter,,,"1691-1693, Dec 14"
Letter,Cassillis,,"1689, Jul 1"
Letter,London,,"1688, Jan 6"
Letter,,,"1688, Jan 12"
Letter,,,"1688, Jan 12"
Letter,,,"1688, Jan 24"
Letter,,,1688
Letter,,,1691
Letter,Edinburgh,,"1688, Jun 28"
Communicated,,,"1690, May 12"
Communicated,,,"1690, May 15"
Letter,,,n.d.
Letter,Camp de Lessine,,n.d.
Letter,,,"1688, Nov 24"
Letter,Dublin,,"1689, Mar 30"
Letter,Dublin,,"1689, Mar 29"
Letter,Edinburgh,,"1688, Jul 21"
Letter,Hamilton,,"1688, Jul 12"
Letter,Edinburgh,,"1688, Jun 28"
Letter,Spittel,,"1688, Jun 30"
Letter,Lanark,,"1688, Jun 29"
Letter,Edinburgh,Lanark,"1688, Jun 19"
Letter,York,,"1688, Jan 21"
Letter,Hamilton,York,"1688, May 23"
Letter,,,1688
Letter,Edinburgh,,"1692, Jan 23"
Letter,London,,"1691, Dec 1-1692, Jan 30"
Letter,Paisley,,"1691, Sep 26"
Letter,Paisley,,"1691, Oct 9"
Letter,,,1690
Letter,Edinburgh,,"1688, Jul 24"
Letter,Kinross,,"1692, Mar 10"
Letter,Hamilton,,"1688, Jun 29"
Letter,Edinburgh,Kinneil,"1692, Aug 9"
Letter,"3 King Street, Covent Garden",,"1691, Aug 22"
Letter,,,"1692, Mar 18"
Letter,,,"1692, Mar 28"
Letter,Lichfield,,"1691, Mar 13"
Letter,London,,"1689, Oct 26"
Letter,,,"1690, Oct 21"
Letter,,,"1690, Dec 8"
Letter,,,"1691, Feb 11"
Letter,,,"1690, Nov 13"
Letter,Tower of London,Kinneil,"1689, Jun 15"
Letter,,,"1689, Jun 15"
Letter,Whitehall ,,"1688, Feb 11"
Letter,,Whitehall,"1688, Feb 25"
Letter,Holyrood House,Hampton Court,"1689, Mar 23"
Letter,Hampton Court,Holyrood House,"1689, Apr 2"
Letter,Holyrood House,Hampton Court,"1689, Apr 17"
Letter,Hampton Court,Holyrood House,"1689, Apr 25"
Letter,Hampton Court,Holyrood House,"1689, May 17"
Letter,Holyrood House,Hampton Court,"1689, May 25"
Letter,Copt-Hall,Holyrood House,"1689, May 31"
Letter,Holyrood House,,"1689, Jun 6"
Letter,Holyrood House,Hampton Court,"1689, Jun 22"
Letter,Hampton Court,,"1689, Jul 4"
Letter,Whitehall,,"1689, Jul 17"
Letter,Hampton Court,,"1689, Jul 27"
Letter,Kensington,,"1690, Jan 21"
Letter,Holyrood House,,"1690, Feb 20"
Letter,Kensington ,,"1691, Jul 22"
Letter,Holyrood House,,"1691, Jul 29"
Letter,Edinburgh,"Post Office, Berwick","1691, Jul 29"
Letter,"Post Office, Berwick",,"1691, Jul 31"
Letter,Plymouth,,"1690, Mar 7"
Memorandum,Portsmouth,,"1690, Feb 8"
Letter,Edinburgh,,"1692, Sep 21"
Letter,Edinburgh,,"1688, Oct 18"
Letter,,,"1688, Oct"
Letter,Edinburgh,,"1691, Sep 25"
Letter,Mason,Hamilton,1688
Letter,,,"1692, Jan 6"
Letter,Berwick,,"1691, Aug 31"
Letter,Whitehall,,"1691, Jun 26"
Letter,Fort William,,"1692, Nov 19"
Letter,,,"1692, Jun 29"
Letter,Hamilton,,"1688, Jan 18"
Letter,Holyrood House,,n.d.
Letter,Kinneil,,n.d.
Letter,,,n.d.
Letter,London,,1690. Dec 30
Letter,London,,"1691, Jan 17"
Letter,Culross,,"1690, May 27"
Letter,Wishaw,,"1691, Nov 5"
Letter,Wishaw,,"1691, Nov 3"
Letter,Wishaw,,"1691, Jun 13"
Letter,Edinburgh Castle,,"1692, Dec 9"
Letter,Glasgow,,"1691, Oct 19"
Letter,Linlithgow,Bo'ness,"1689, Dec 20"
Letter,Wishaw,,"1689, Oct 23"
Letter,Amsterdam,Edinburgh,"1689, Sep 10"
Letter,Kensington,Holyrood House,"1692, Feb"
Letter,Holyrood House,Kensington,"1692, Mar 3"
Letter,Holyrood House,Kensington,"1692, May 14"
Letter,Whitehall,,"1691, Jun"
Letter,,,"1692, Nov 10"
Letter,,,1692
Letter,Aberdeen,,1689
Letter,London,,"1691, Dec 12"
Letter,London,,"1691, Dec 15"
Letter,London,,"1691, Dec 17"
Letter,London,,"1691, Dec 17"
Letter,London,,"1691, Dec 22"
Letter,London,,"1691, Dec 24"
Letter,London,,"1691, Dec 26"
Letter,London,,"1691, Dec 31"
Letter,London,,"1692, Jan 2"
Letter,London,,"1692, Jan 5"
Letter,London,,"1692, Jan 7"
Letter,London,,"1692, Jan 9"
Letter,London,,"1692, Jan 12"
Letter,London,,"1692, Jan 14"
Letter,London,,"1692, Jan 16"
Letter,London,,"1692, Jan 19"
Letter,London,,"1692, Jan 21"
Letter,Kensington,,"1692, Jan 23"
Letter,London,,"1692, Feb 11"
Letter,London,,"1692, Feb 19"
Letter,London,,"1692, Feb 25"
Letter,London,,"1692, Feb 27"
Letter,Hague,,"1692, Mar 28"
Letter,Loo,,"1692, Apr 7"
Letter,Loo,,"1692, Apr 10"
Letter,Hague,,"1692, May 7"
Letter,Breda,,"1692, May 16"
Letter,Brussells,,"1692, May 19"
Letter,Brousterland,,"1691, Feb 18"
Letter,,,"1690, Jun 6"
Letter,Harlington,,"1691, Mar 24"
Letter,Stafford,Sandon,"1690, Jun 1"
Letter,,,"1691, Jun 17"
Letter,,,"1688, Jan 27"
Letter,,,"1690, Aug 2"
Letter,,,"1689, Jul 20"
Letter,,,"1689, Jul 30"
Letter,Durance,,"1689, Feb 14"
Letter,London,,"1689, Feb 14"
Letter,,,1688
Letter,,Sandon,"1688, Oct 14"
Letter,,,"1691, Apr 11"
Letter,Stingboun,,"1691, Sep 14"
Letter,Old Sprin Garden,,"1690, Jul 29"
Letter,Kirkudbright,,"1691, Aug 11"
Letter,,,"1690, Jul 24"
Letter,,,"1690, Oct 15"
Letter,,,"1690, Oct 28"
Letter,,,"1691, Sep 26"
Letter,,,"1691, Sep 16"
Letter,,,"1690, Oct 14"
Letter,,,"1690, Feb 15"
Letter,,,"1690, Oct 30"
Letter,Sher,,"1691, Apr 6"
Letter,,,"1691, Apr 18"
Letter,Lauchop,Lanark,"1688, Sep 27"
Letter,Tannochside,Lanark,"1688, Sep 25"
Letter,,Hamilton,"1688, Sep 1"
Letter,Broombie,,"1688, Sep 26"
Letter,Netherfield,Lanark,"1688, Sep 25"
Letter,Delphington,,"1688, Jul 10"
Letter,Alanton,,"1688, Oct 4"
Letter,London,,"1688, May 1"
Letter,London,,"1688, May 22"
Letter,,,"1690, Mar 16"
Letter,,,"1689, Nov 19"
Letter,,,"1690, Jun 14"
Letter,,,"1692, Jan 25"
Letter,Lychfield,,"1691, Jun 28"
Letter,,,1689
Letter,,,"1690, Feb 15"
Report,,,"1689, Sep 21"
Letter,,,1689
Letter,,,"1689, October 5"
Letter,,,1689
Letter,,,1689
Letter,,,"1689, June 8"
Letter,,,"1689, September 17"
Letter,,,"1690, January 6"
Letter,,,"1689, December 10"
Letter,,,1689
Letter,London,,"1691, May 18"
Letter,,,"1689, May 8"
Letter,Drayton,,"1689, June 6"
Letter,London,,"1690, March 20"
Letter,,,1689
Letter,,,"1689, June 28"
Letter,,,1689
Letter,London,,"1690, April 29"
Letter,,,"1690, February 1"
Letter,,,"1691, May 7"
Letter,,,"1690, January 30"
Letter,,,"1688, February 15"
Letter,,,"1690, April 7"
Letter,,,"1690, January 21"
Letter,,,1689
Letter,London,,"1691, May 19"
Letter,,,1690
Letter,,,1690
Letter,,,"1690, May 1"
Letter,Litchfield,,"1690, February 21"
Letter,,,"1690, February 27"
Letter,,,"1690, March 19"
Letter,Harlington,,1690
Letter,,,"1691, February 28"
Letter,,,"1690, May 22"
Letter,Litchfield,,"1690, May 7"
Letter,London,,"1691, March 12"
Letter,"Post Office, London",,"1691, April 16"
Letter,"Post Office, London",,"1691, May 26"
Letter,,,"1691, May 30"
Letter,,,"1691, May 14"
Letter,,,"1691, May 14"
Letter,,,"1691, January 30"
Letter,,,"1691, June 13"
Letter,,,"1691, May 22"
Letter,,,1691
Letter,,,"1689, February 18"
Letter,,,1691
Letter,,,1691
Letter,Oates,,"1691, September 15"
Letter,Oates,,"1690, August 18"
Letter,Hamilton,Kinneil,"1688, April 13"
Letter,,,"1688, April 10"
Letter,,,"1690, November 13"
Letter,Edinburgh,,"1692, April 4"
Letter,London,,"1691, January 17"
Letter,,,"1691, May 9"
Letter,,,"1691, May 9"
Letter,,,"1690, May 8"
Letter,,,"1691, May 9"
Letter,,,"1690, Jan 10"
Letter,,,"1690, Jun 30"
Letter,,,"1690, May 22"
Letter,Shoerw,,"1690, Apr 30"
Letter,,,"1690, May 24"
Letter,Litchfield,,"1690, May 18"
Letter,Kinneil,,"1690, Sep 27"
Letter,Hamilton,,"1690, Aug 1"
Letter,,Hamilton,"1690, Dec 31"
Letter,Glasgow,Hamilton,"1690, Nov 24"
Letter,Parckeind,,"1691, Dec 30"
Letter,Hamilton,Edinburgh,"1690, Feb 22"
Letter,Woodside,Edinburgh,"1690, Jul 8"
Letter,Hamilton,Edinburgh,"1690, Feb 12"
Letter,Hamilton,,"1690, Jan 11"
Letter,Hamilton,Edinburgh,"1689, Dec 23"
Letter,Hamilton,Edinburgh,"1689, Dec 21"
Letter,,Edinburgh,"1690, Feb 3"
Letter,Hamilton,Edinburgh,"1691, Mar 23"
Letter,,Edinburgh,"1690, Jun 16"
Letter,Hamiton,Edinburgh,"1689, Nov 9"
Letter,Hamiton,Edinburgh,"1689, Dec 23"
Letter,Hamiton,Edinburgh,"1690, Feb 17"
Letter,Edinburgh,Hamilton,"1692, Jun 29"
Letter,Edinburgh,,"1692, Sep 21"
Letter,Speethead,,"1688, Nov 22"
Letter,Windsor,,"1688, Feb 3"
Letter,,,"1691, May 27"
Letter,,Edinburgh,1689
Letter,Dublin Castle,,"1689, Mar 29"
Letter,Dublin Castle,,"1689, Mar 29"
Letter,Dublin Castle,,"1689, Mar 29"
Letter,Edinburgh,,"1689, Apr 22"
Letter,,,"1689, Jan 14"
Letter,Edinburgh,,"1692, Apr 30"
Letter,Lanarkshire,,"1692, May 2"
Letter,,Edinburgh,1690
Letter,Hamilton,,"1690, Jan 3"
Letter,Edinburgh,,"1689, Jul 10"
Letter,Hamilton,Edinburgh,"1690, Jan 27"
Letter,Edinburgh,,"1689, Jul 9"
Letter,Hamilton,,"1690, Mar 25"
Letter,Broomhill,Edinburgh,"1690, Jan 14"
Letter,Linlithgow,Edinburgh,"1690, Oct 24"
Letter,Edinburgh,Edinburgh,"1689, Sep 9"
Letter,Glasgow,Edinburgh,"1690, May 17"
Letter,Glasgow,Edinburgh,"1691, Jul 2"
Letter,Hamilton,,"1690, Feb 24"
Letter,,,"1690, May 27"
Letter,Litchfield,,"1690, May 23"
Letter,,Lanark,"1688, Sep 19"
Letter,,,"1691, May 7"
Letter,,,"1688, Oct 29"
Letter,London,,"1691, March 3"
Letter,Hague,,"1691, April 20"
Letter,,,1691
Letter,,,"1691, Aug 29"
Letter,Hague,,"1691, Oct 24"
Letter,,,"1691, Nov 2"
Letter,St. Germain,,"1691, Dec 12"
Letter,,,"1692, Feb 20"
Letter,,,"1688, Dec 17"
Letter,,,"1689, March 23"
Letter,Hampton Court,,"1689, April 2"
Letter,Holyrood House,,"1689, April 17"
Letter,Hampton Court,,"1689, April 25"
Letter,Hampton Court,,"1689, May 17"
Letter,Copthall,,"1689, May 31"
Letter,,,"1689, June 22"
Letter,Hampton Court,,"1689, July 4"
Letter,Whitehall,,"1689, July 17"
Letter,Hampton Court,,"1689, July 4"
Letter,Kensington,,"1690, Jan 21"
Letter,Holyrood House,,"1690, Feb 21"
Letter,Kensington,,"1691, July 22"
Letter,Holyrood House,,"1691, July 29"
Letter,Dumbarton,,"1689, July 14"
Letter,,,"1689, July 18"
Letter,,,"1689, July 25"
Confession,Lochiel,,"1689, July 24"
Letter,,,"1689, July 8"
Letter,,,"1691, Aug 3"
Letter,London,,"1689, April 13"